EmployeeNumber,Age,YearsatCompany,MonthlyIncome,Department,Attrition,Age_Group,Income_Level
1,41,6,5993,Sales,Yes,41-50,"Low Income (<40K)"
2,49,10,5130,"Research & Development",No,41-50,"Low Income (<40K)"
4,37,0,2090,"Research & Development",Yes,31-40,"Low Income (<40K)"
5,33,8,2909,"Research & Development",No,31-40,"Low Income (<40K)"
7,27,2,3468,"Research & Development",No,20-30,"Low Income (<40K)"
8,32,7,3068,"Research & Development",No,31-40,"Low Income (<40K)"
10,59,1,2670,"Research & Development",No,50+,"Low Income (<40K)"
11,30,1,2693,"Research & Development",No,20-30,"Low Income (<40K)"
12,38,9,9526,"Research & Development",No,31-40,"Low Income (<40K)"
13,36,7,5237,"Research & Development",No,31-40,"Low Income (<40K)"
14,35,5,2426,"Research & Development",No,31-40,"Low Income (<40K)"
15,29,9,4193,"Research & Development",No,20-30,"Low Income (<40K)"
16,31,5,2911,"Research & Development",No,31-40,"Low Income (<40K)"
18,34,2,2661,"Research & Development",No,31-40,"Low Income (<40K)"
19,28,4,2028,"Research & Development",Yes,20-30,"Low Income (<40K)"
20,29,10,9980,"Research & Development",No,20-30,"Low Income (<40K)"
21,32,6,3298,"Research & Development",No,31-40,"Low Income (<40K)"
22,22,1,2935,"Research & Development",No,20-30,"Low Income (<40K)"
23,53,25,15427,Sales,No,50+,"Low Income (<40K)"
24,38,3,3944,"Research & Development",No,31-40,"Low Income (<40K)"
26,24,4,4011,"Research & Development",No,20-30,"Low Income (<40K)"
27,36,5,3407,Sales,Yes,31-40,"Low Income (<40K)"
28,34,12,11994,"Research & Development",No,31-40,"Low Income (<40K)"
30,21,0,1232,"Research & Development",No,20-30,"Low Income (<40K)"
31,34,4,2960,"Research & Development",Yes,31-40,"Low Income (<40K)"
32,53,14,19094,"Research & Development",No,50+,"Low Income (<40K)"
33,32,10,3919,"Research & Development",Yes,31-40,"Low Income (<40K)"
35,42,9,6825,Sales,No,41-50,"Low Income (<40K)"
36,44,22,10248,"Research & Development",No,41-50,"Low Income (<40K)"
38,46,2,18947,Sales,No,41-50,"Low Income (<40K)"
39,33,1,2496,"Research & Development",No,31-40,"Low Income (<40K)"
40,44,4,6465,"Research & Development",No,41-50,"Low Income (<40K)"
41,30,10,2206,"Research & Development",No,20-30,"Low Income (<40K)"
42,39,1,2086,Sales,Yes,31-40,"Low Income (<40K)"
45,24,2,2293,"Research & Development",Yes,20-30,"Low Income (<40K)"
46,43,5,2645,"Research & Development",No,41-50,"Low Income (<40K)"
47,50,3,2683,Sales,Yes,41-50,"Low Income (<40K)"
49,35,2,2014,Sales,No,31-40,"Low Income (<40K)"
51,36,1,3419,"Research & Development",No,31-40,"Low Income (<40K)"
52,33,5,5376,Sales,No,31-40,"Low Income (<40K)"
53,35,1,1951,"Research & Development",No,31-40,"Low Income (<40K)"
54,27,1,2341,"Research & Development",No,20-30,"Low Income (<40K)"
55,26,1,2293,"Research & Development",Yes,20-30,"Low Income (<40K)"
56,27,9,8726,Sales,No,20-30,"Low Income (<40K)"
57,30,12,4011,"Research & Development",No,20-30,"Low Income (<40K)"
58,41,22,19545,"Research & Development",Yes,41-50,"Low Income (<40K)"
60,34,9,4568,Sales,No,31-40,"Low Income (<40K)"
61,37,1,3022,"Research & Development",No,31-40,"Low Income (<40K)"
62,46,9,5772,Sales,No,41-50,"Low Income (<40K)"
63,35,1,2269,"Research & Development",No,31-40,"Low Income (<40K)"
64,48,1,5381,"Research & Development",Yes,41-50,"Low Income (<40K)"
65,28,2,3441,"Research & Development",Yes,20-30,"Low Income (<40K)"
68,44,4,5454,Sales,No,41-50,"Low Income (<40K)"
70,35,4,9884,"Research & Development",No,31-40,"Low Income (<40K)"
72,26,2,4157,Sales,No,20-30,"Low Income (<40K)"
73,33,15,13458,"Research & Development",No,31-40,"Low Income (<40K)"
74,35,9,9069,Sales,No,31-40,"Low Income (<40K)"
75,35,2,4014,"Research & Development",No,31-40,"Low Income (<40K)"
76,31,7,5915,"Research & Development",No,31-40,"Low Income (<40K)"
77,37,7,5993,"Research & Development",No,31-40,"Low Income (<40K)"
78,32,9,6162,"Research & Development",No,31-40,"Low Income (<40K)"
79,38,10,2406,"Research & Development",No,31-40,"Low Income (<40K)"
80,50,27,18740,"Research & Development",No,41-50,"Low Income (<40K)"
81,59,21,7637,Sales,No,50+,"Low Income (<40K)"
83,36,17,10096,"Research & Development",No,31-40,"Low Income (<40K)"
84,55,5,14756,"Research & Development",No,50+,"Low Income (<40K)"
85,36,6,6499,"Research & Development",No,31-40,"Low Income (<40K)"
86,45,1,9724,"Research & Development",No,41-50,"Low Income (<40K)"
88,35,3,2194,"Research & Development",No,31-40,"Low Income (<40K)"
90,36,1,3388,"Research & Development",Yes,31-40,"Low Income (<40K)"
91,59,4,5473,Sales,No,50+,"Low Income (<40K)"
94,29,5,2703,"Research & Development",No,20-30,"Low Income (<40K)"
95,31,1,2501,"Research & Development",No,31-40,"Low Income (<40K)"
96,32,10,6220,"Research & Development",No,31-40,"Low Income (<40K)"
97,36,1,3038,"Research & Development",No,31-40,"Low Income (<40K)"
98,31,11,4424,"Research & Development",No,31-40,"Low Income (<40K)"
100,35,15,4312,Sales,No,31-40,"Low Income (<40K)"
101,45,0,13245,"Research & Development",No,41-50,"Low Income (<40K)"
102,37,5,13664,"Research & Development",No,31-40,"Low Income (<40K)"
103,46,4,5021,"Human Resources",No,41-50,"Low Income (<40K)"
104,30,10,5126,"Research & Development",No,20-30,"Low Income (<40K)"
105,35,6,2859,"Research & Development",No,31-40,"Low Income (<40K)"
106,55,1,10239,Sales,No,50+,"Low Income (<40K)"
107,38,13,5329,"Research & Development",No,31-40,"Low Income (<40K)"
110,34,5,4325,"Research & Development",No,31-40,"Low Income (<40K)"
112,56,6,7260,"Research & Development",No,50+,"Low Income (<40K)"
113,23,0,2322,Sales,No,20-30,"Low Income (<40K)"
116,51,4,2075,"Research & Development",No,50+,"Low Income (<40K)"
117,30,11,4152,"Research & Development",No,20-30,"Low Income (<40K)"
118,46,9,9619,Sales,Yes,41-50,"Low Income (<40K)"
119,40,22,13503,"Research & Development",No,31-40,"Low Income (<40K)"
120,51,10,5441,Sales,No,50+,"Low Income (<40K)"
121,30,11,5209,Sales,No,20-30,"Low Income (<40K)"
124,46,10,10673,"Research & Development",No,41-50,"Low Income (<40K)"
125,32,11,5010,Sales,No,31-40,"Low Income (<40K)"
126,54,4,13549,"Research & Development",No,50+,"Low Income (<40K)"
128,24,3,4999,Sales,No,20-30,"Low Income (<40K)"
129,28,5,4221,Sales,No,20-30,"Low Income (<40K)"
131,58,37,13872,Sales,No,50+,"Low Income (<40K)"
132,44,3,2042,"Research & Development",No,41-50,"Low Income (<40K)"
133,37,3,2073,"Human Resources",Yes,31-40,"Low Income (<40K)"
134,32,1,2956,"Research & Development",No,31-40,"Low Income (<40K)"
137,20,1,2926,"Research & Development",Yes,20-30,"Low Income (<40K)"
138,34,16,4809,"Research & Development",No,31-40,"Low Income (<40K)"
139,37,1,5163,"Research & Development",No,31-40,"Low Income (<40K)"
140,59,3,18844,"Human Resources",No,50+,"Low Income (<40K)"
141,50,8,18172,"Research & Development",No,41-50,"Low Income (<40K)"
142,25,6,5744,Sales,Yes,20-30,"Low Income (<40K)"
143,25,2,2889,"Research & Development",No,20-30,"Low Income (<40K)"
144,22,0,2871,"Research & Development",No,20-30,"Low Income (<40K)"
145,51,13,7484,"Research & Development",No,50+,"Low Income (<40K)"
147,34,9,6074,"Research & Development",Yes,31-40,"Low Income (<40K)"
148,54,5,17328,"Human Resources",No,50+,"Low Income (<40K)"
150,24,5,2774,"Research & Development",No,20-30,"Low Income (<40K)"
151,34,1,4505,"Research & Development",No,31-40,"Low Income (<40K)"
152,37,5,7428,Sales,No,31-40,"Low Income (<40K)"
153,34,11,11631,"Research & Development",No,31-40,"Low Income (<40K)"
154,36,9,9738,Sales,No,31-40,"Low Income (<40K)"
155,36,1,2835,"Research & Development",No,31-40,"Low Income (<40K)"
158,43,25,16959,Sales,No,41-50,"Low Income (<40K)"
159,30,10,2613,"Research & Development",No,20-30,"Low Income (<40K)"
160,33,7,6146,Sales,No,31-40,"Low Income (<40K)"
161,56,5,4963,"Research & Development",Yes,50+,"Low Income (<40K)"
162,51,20,19537,"Research & Development",No,50+,"Low Income (<40K)"
163,31,7,6172,Sales,Yes,31-40,"Low Income (<40K)"
164,26,5,2368,"Research & Development",No,20-30,"Low Income (<40K)"
165,58,40,10312,"Research & Development",Yes,50+,"Low Income (<40K)"
167,19,0,1675,Sales,Yes,50+,"Low Income (<40K)"
169,22,2,2523,"Research & Development",No,20-30,"Low Income (<40K)"
170,49,15,6567,"Research & Development",No,41-50,"Low Income (<40K)"
171,43,3,4739,"Research & Development",No,41-50,"Low Income (<40K)"
174,50,2,9208,Sales,No,41-50,"Low Income (<40K)"
175,31,2,4559,Sales,Yes,31-40,"Low Income (<40K)"
176,41,9,8189,Sales,No,41-50,"Low Income (<40K)"
177,26,8,2942,"Human Resources",No,20-30,"Low Income (<40K)"
178,36,3,4941,"Research & Development",No,31-40,"Low Income (<40K)"
179,51,4,10650,"Research & Development",Yes,50+,"Low Income (<40K)"
182,39,15,5902,Sales,No,31-40,"Low Income (<40K)"
183,25,2,8639,Sales,No,20-30,"Low Income (<40K)"
184,30,11,6347,"Human Resources",No,20-30,"Low Income (<40K)"
190,32,5,4200,"Research & Development",Yes,31-40,"Low Income (<40K)"
192,45,6,3452,"Research & Development",No,41-50,"Low Income (<40K)"
193,38,3,4317,"Research & Development",No,31-40,"Low Income (<40K)"
194,30,5,2632,"Research & Development",No,20-30,"Low Income (<40K)"
195,32,8,4668,Sales,No,31-40,"Low Income (<40K)"
197,30,3,3204,"Research & Development",No,20-30,"Low Income (<40K)"
198,30,5,2720,"Research & Development",No,20-30,"Low Income (<40K)"
199,41,7,17181,"Research & Development",No,41-50,"Low Income (<40K)"
200,41,5,2238,"Research & Development",No,41-50,"Low Income (<40K)"
201,19,1,1483,"Research & Development",No,50+,"Low Income (<40K)"
202,40,20,5605,"Research & Development",No,31-40,"Low Income (<40K)"
204,35,10,7295,Sales,No,31-40,"Low Income (<40K)"
205,53,7,2306,Sales,No,50+,"Low Income (<40K)"
206,45,17,2348,"Research & Development",No,41-50,"Low Income (<40K)"
207,32,9,8998,Sales,No,31-40,"Low Income (<40K)"
208,29,10,4319,"Research & Development",No,20-30,"Low Income (<40K)"
211,51,1,6132,"Research & Development",No,50+,"Low Income (<40K)"
214,58,1,3346,"Research & Development",No,50+,"Low Income (<40K)"
215,40,12,10855,Sales,No,31-40,"Low Income (<40K)"
216,34,4,2231,Sales,No,31-40,"Low Income (<40K)"
217,22,2,2323,"Research & Development",No,20-30,"Low Income (<40K)"
218,27,2,2024,"Research & Development",No,20-30,"Low Income (<40K)"
221,28,5,2713,"Research & Development",No,20-30,"Low Income (<40K)"
223,57,5,9439,"Research & Development",No,50+,"Low Income (<40K)"
224,27,1,2566,"Research & Development",No,20-30,"Low Income (<40K)"
226,50,5,19926,"Research & Development",No,41-50,"Low Income (<40K)"
227,41,9,2451,"Research & Development",No,41-50,"Low Income (<40K)"
228,30,10,9419,Sales,No,20-30,"Low Income (<40K)"
230,38,8,8686,Sales,No,31-40,"Low Income (<40K)"
231,32,5,3038,"Research & Development",No,31-40,"Low Income (<40K)"
233,27,5,3058,"Research & Development",No,20-30,"Low Income (<40K)"
235,19,0,2325,Sales,Yes,50+,"Low Income (<40K)"
238,36,8,2088,"Research & Development",No,31-40,"Low Income (<40K)"
239,30,12,3072,"Research & Development",No,20-30,"Low Income (<40K)"
240,45,5,5006,Sales,No,41-50,"Low Income (<40K)"
241,56,2,4257,"Research & Development",No,50+,"Low Income (<40K)"
242,33,3,2500,"Research & Development",No,31-40,"Low Income (<40K)"
243,19,1,1102,"Research & Development",Yes,50+,"Low Income (<40K)"
244,46,24,10453,Sales,No,41-50,"Low Income (<40K)"
245,38,2,2288,"Research & Development",No,31-40,"Low Income (<40K)"
246,31,4,3929,"Research & Development",No,31-40,"Low Income (<40K)"
247,34,3,2311,"Research & Development",No,31-40,"Low Income (<40K)"
248,41,4,3140,Sales,Yes,41-50,"Low Income (<40K)"
249,50,3,3690,"Research & Development",No,41-50,"Low Income (<40K)"
250,53,4,4450,"Research & Development",No,50+,"Low Income (<40K)"
252,33,8,2756,"Research & Development",No,31-40,"Low Income (<40K)"
253,40,20,19033,"Research & Development",No,31-40,"Low Income (<40K)"
254,55,24,18722,"Research & Development",No,50+,"Low Income (<40K)"
256,34,10,9547,"Research & Development",No,31-40,"Low Income (<40K)"
258,51,7,13734,"Research & Development",No,50+,"Low Income (<40K)"
259,52,33,19999,"Research & Development",No,50+,"Low Income (<40K)"
260,27,7,2279,"Research & Development",No,20-30,"Low Income (<40K)"
261,35,1,5916,"Research & Development",Yes,31-40,"Low Income (<40K)"
262,43,5,2089,"Research & Development",No,41-50,"Low Income (<40K)"
264,45,20,16792,"Research & Development",No,41-50,"Low Income (<40K)"
267,37,8,3564,"Research & Development",No,31-40,"Low Income (<40K)"
269,35,6,4425,"Research & Development",No,31-40,"Low Income (<40K)"
270,42,5,5265,"Research & Development",No,41-50,"Low Income (<40K)"
271,38,1,6553,"Research & Development",No,31-40,"Low Income (<40K)"
273,38,7,6261,"Research & Development",No,31-40,"Low Income (<40K)"
274,27,2,4298,"Research & Development",No,20-30,"Low Income (<40K)"
275,49,7,6804,"Research & Development",No,41-50,"Low Income (<40K)"
277,34,5,3815,"Research & Development",No,31-40,"Low Income (<40K)"
281,40,7,2741,"Research & Development",No,31-40,"Low Income (<40K)"
282,38,1,6673,"Research & Development",Yes,31-40,"Low Income (<40K)"
283,29,10,7639,Sales,Yes,20-30,"Low Income (<40K)"
284,22,4,2328,"Research & Development",No,20-30,"Low Income (<40K)"
286,36,8,2153,"Research & Development",No,31-40,"Low Income (<40K)"
287,40,3,4876,"Research & Development",No,31-40,"Low Income (<40K)"
288,46,4,9396,"Research & Development",No,41-50,"Low Income (<40K)"
291,32,14,10400,Sales,Yes,31-40,"Low Income (<40K)"
292,30,11,8474,"Research & Development",No,20-30,"Low Income (<40K)"
293,27,7,9981,Sales,No,20-30,"Low Income (<40K)"
296,51,10,12490,"Research & Development",No,50+,"Low Income (<40K)"
297,30,5,2657,"Research & Development",Yes,20-30,"Low Income (<40K)"
298,41,1,13591,Sales,No,41-50,"Low Income (<40K)"
299,30,6,6696,Sales,Yes,20-30,"Low Income (<40K)"
300,29,6,2058,"Research & Development",Yes,20-30,"Low Income (<40K)"
302,45,19,8865,Sales,No,41-50,"Low Income (<40K)"
303,54,6,5940,Sales,No,50+,"Low Income (<40K)"
304,36,13,5914,"Research & Development",No,31-40,"Low Income (<40K)"
305,33,3,2622,"Research & Development",No,31-40,"Low Income (<40K)"
306,37,10,12185,"Research & Development",No,31-40,"Low Income (<40K)"
307,38,16,10609,Sales,No,31-40,"Low Income (<40K)"
308,31,5,4345,"Research & Development",No,31-40,"Low Income (<40K)"
309,59,1,2177,"Research & Development",No,50+,"Low Income (<40K)"
311,37,9,2793,Sales,No,31-40,"Low Income (<40K)"
312,29,11,7918,Sales,No,20-30,"Low Income (<40K)"
314,35,10,8789,Sales,No,31-40,"Low Income (<40K)"
315,29,4,2389,"Research & Development",Yes,20-30,"Low Income (<40K)"
316,52,2,3212,"Research & Development",No,50+,"Low Income (<40K)"
319,42,22,19232,"Research & Development",No,41-50,"Low Income (<40K)"
321,59,2,2267,"Human Resources",No,50+,"Low Income (<40K)"
323,50,7,19517,Sales,No,41-50,"Low Income (<40K)"
325,33,5,2436,"Research & Development",Yes,31-40,"Low Income (<40K)"
327,43,17,16064,Sales,No,41-50,"Low Income (<40K)"
328,33,9,2707,"Research & Development",Yes,31-40,"Low Income (<40K)"
329,52,33,19068,Sales,No,50+,"Low Income (<40K)"
330,32,4,3931,Sales,No,31-40,"Low Income (<40K)"
331,32,3,3730,"Research & Development",Yes,31-40,"Low Income (<40K)"
332,39,3,2232,"Research & Development",No,31-40,"Low Income (<40K)"
333,32,3,4465,Sales,No,31-40,"Low Income (<40K)"
334,41,1,3072,"Research & Development",No,41-50,"Low Income (<40K)"
335,40,9,3319,"Research & Development",No,31-40,"Low Income (<40K)"
336,45,24,19202,"Research & Development",No,41-50,"Low Income (<40K)"
337,31,2,13675,"Research & Development",No,31-40,"Low Income (<40K)"
338,33,2,2911,"Research & Development",No,31-40,"Low Income (<40K)"
339,34,11,5957,"Research & Development",No,31-40,"Low Income (<40K)"
340,37,3,3920,"Research & Development",No,31-40,"Low Income (<40K)"
341,45,3,6434,"Research & Development",No,41-50,"Low Income (<40K)"
342,37,1,10048,"Research & Development",Yes,31-40,"Low Income (<40K)"
343,39,19,10938,"Research & Development",No,31-40,"Low Income (<40K)"
346,29,6,2340,"Research & Development",No,20-30,"Low Income (<40K)"
347,42,3,6545,"Research & Development",No,41-50,"Low Income (<40K)"
349,29,3,6931,Sales,No,20-30,"Low Income (<40K)"
350,25,4,4898,"Research & Development",No,20-30,"Low Income (<40K)"
351,42,9,2593,"Research & Development",No,41-50,"Low Income (<40K)"
352,40,21,19436,"Research & Development",No,31-40,"Low Income (<40K)"
353,51,1,2723,"Research & Development",No,50+,"Low Income (<40K)"
355,31,5,3479,"Research & Development",Yes,31-40,"Low Income (<40K)"
359,32,5,2794,"Research & Development",No,31-40,"Low Income (<40K)"
361,38,8,5249,Sales,No,31-40,"Low Income (<40K)"
362,32,6,2176,"Research & Development",No,31-40,"Low Income (<40K)"
363,46,7,16872,Sales,No,41-50,"Low Income (<40K)"
364,28,0,3485,"Research & Development",Yes,20-30,"Low Income (<40K)"
366,29,0,6644,Sales,No,20-30,"Low Income (<40K)"
367,31,9,5582,"Research & Development",No,31-40,"Low Income (<40K)"
369,25,6,4000,"Research & Development",No,20-30,"Low Income (<40K)"
372,45,20,13496,"Research & Development",No,41-50,"Low Income (<40K)"
373,36,15,3210,"Research & Development",No,31-40,"Low Income (<40K)"
374,55,36,19045,"Research & Development",No,50+,"Low Income (<40K)"
376,47,10,11849,"Research & Development",Yes,41-50,"Low Income (<40K)"
377,28,5,2070,"Research & Development",No,20-30,"Low Income (<40K)"
378,37,5,6502,Sales,No,31-40,"Low Income (<40K)"
379,21,3,3230,"Research & Development",No,20-30,"Low Income (<40K)"
380,37,5,13603,"Research & Development",No,31-40,"Low Income (<40K)"
381,35,7,11996,"Research & Development",No,31-40,"Low Income (<40K)"
382,38,8,5605,Sales,No,31-40,"Low Income (<40K)"
384,26,6,6397,"Research & Development",No,20-30,"Low Income (<40K)"
385,50,10,19144,"Research & Development",No,41-50,"Low Income (<40K)"
386,53,5,17584,"Research & Development",No,50+,"Low Income (<40K)"
387,42,20,4907,Sales,No,41-50,"Low Income (<40K)"
388,29,10,4554,Sales,No,20-30,"Low Income (<40K)"
389,55,10,5415,"Research & Development",No,50+,"Low Income (<40K)"
390,26,5,4741,"Research & Development",No,20-30,"Low Income (<40K)"
391,37,17,2115,"Research & Development",No,31-40,"Low Income (<40K)"
392,44,1,3161,"Research & Development",Yes,41-50,"Low Income (<40K)"
393,38,2,5745,"Research & Development",No,31-40,"Low Income (<40K)"
394,26,3,2373,"Research & Development",Yes,20-30,"Low Income (<40K)"
395,28,5,3310,"Research & Development",No,20-30,"Low Income (<40K)"
396,49,3,18665,"Research & Development",No,41-50,"Low Income (<40K)"
397,36,8,4485,"Research & Development",No,31-40,"Low Income (<40K)"
399,31,2,2789,Sales,No,31-40,"Low Income (<40K)"
401,26,8,5828,Sales,Yes,20-30,"Low Income (<40K)"
403,37,4,2326,"Research & Development",No,31-40,"Low Income (<40K)"
404,42,20,13525,Sales,No,41-50,"Low Income (<40K)"
405,18,0,1420,"Research & Development",Yes,50+,"Low Income (<40K)"
406,35,11,8020,Sales,No,31-40,"Low Income (<40K)"
407,36,1,3688,"Research & Development",No,31-40,"Low Income (<40K)"
408,51,4,5482,"Research & Development",No,50+,"Low Income (<40K)"
410,41,22,16015,Sales,No,41-50,"Low Income (<40K)"
411,18,0,1200,Sales,No,50+,"Low Income (<40K)"
412,28,8,5661,"Research & Development",No,20-30,"Low Income (<40K)"
416,31,8,6929,Sales,No,31-40,"Low Income (<40K)"
417,39,18,9613,"Research & Development",No,31-40,"Low Income (<40K)"
419,36,9,5674,"Research & Development",No,31-40,"Low Income (<40K)"
420,32,13,5484,Sales,No,31-40,"Low Income (<40K)"
421,38,10,12061,"Research & Development",No,31-40,"Low Income (<40K)"
422,58,5,5660,"Research & Development",No,50+,"Low Income (<40K)"
423,31,5,4821,"Research & Development",No,31-40,"Low Income (<40K)"
424,31,2,6410,"Human Resources",No,31-40,"Low Income (<40K)"
425,45,24,5210,"Research & Development",No,41-50,"Low Income (<40K)"
426,31,2,2695,"Research & Development",No,31-40,"Low Income (<40K)"
428,33,10,11878,"Research & Development",No,31-40,"Low Income (<40K)"
429,39,21,17068,"Research & Development",No,31-40,"Low Income (<40K)"
430,43,8,2455,"Research & Development",No,41-50,"Low Income (<40K)"
431,49,7,13964,"Research & Development",No,41-50,"Low Income (<40K)"
433,52,8,4941,"Research & Development",Yes,50+,"Low Income (<40K)"
434,27,4,2478,"Research & Development",No,20-30,"Low Income (<40K)"
436,32,13,5228,Sales,No,31-40,"Low Income (<40K)"
437,27,5,4478,Sales,No,20-30,"Low Income (<40K)"
438,31,7,7547,Sales,No,31-40,"Low Income (<40K)"
439,32,7,5055,"Research & Development",No,31-40,"Low Income (<40K)"
440,28,3,3464,"Research & Development",Yes,20-30,"Low Income (<40K)"
441,30,10,5775,"Research & Development",No,20-30,"Low Income (<40K)"
442,31,10,8943,"Research & Development",No,31-40,"Low Income (<40K)"
444,39,21,19272,"Research & Development",No,31-40,"Low Income (<40K)"
445,39,1,5238,Sales,Yes,31-40,"Low Income (<40K)"
446,33,7,4682,Sales,No,31-40,"Low Income (<40K)"
447,47,3,18300,"Research & Development",No,41-50,"Low Income (<40K)"
448,43,9,5257,"Research & Development",No,41-50,"Low Income (<40K)"
449,27,5,6349,Sales,No,20-30,"Low Income (<40K)"
450,54,4,4869,"Research & Development",No,50+,"Low Income (<40K)"
451,43,1,9985,"Research & Development",No,41-50,"Low Income (<40K)"
452,45,10,3697,"Research & Development",No,41-50,"Low Income (<40K)"
453,40,4,7457,Sales,No,31-40,"Low Income (<40K)"
454,29,7,2119,"Research & Development",Yes,20-30,"Low Income (<40K)"
455,29,3,3983,"Research & Development",No,20-30,"Low Income (<40K)"
456,30,10,6118,Sales,No,20-30,"Low Income (<40K)"
458,27,8,6214,Sales,No,20-30,"Low Income (<40K)"
460,37,6,6347,"Research & Development",No,31-40,"Low Income (<40K)"
461,38,11,11510,"Research & Development",No,31-40,"Low Income (<40K)"
462,31,11,7143,"Research & Development",No,31-40,"Low Income (<40K)"
463,29,7,8268,Sales,No,20-30,"Low Income (<40K)"
464,35,16,8095,"Research & Development",No,31-40,"Low Income (<40K)"
465,23,4,2904,"Research & Development",No,20-30,"Low Income (<40K)"
466,41,5,6032,"Research & Development",No,41-50,"Low Income (<40K)"
467,47,0,2976,Sales,No,41-50,"Low Income (<40K)"
468,42,1,15992,"Research & Development",No,41-50,"Low Income (<40K)"
469,29,4,4649,Sales,No,20-30,"Low Income (<40K)"
470,42,3,2696,"Human Resources",No,41-50,"Low Income (<40K)"
471,32,8,2370,"Research & Development",No,31-40,"Low Income (<40K)"
473,48,0,12504,Sales,No,41-50,"Low Income (<40K)"
474,37,7,5974,"Research & Development",No,31-40,"Low Income (<40K)"
475,30,2,4736,Sales,No,20-30,"Low Income (<40K)"
476,26,8,5296,Sales,No,20-30,"Low Income (<40K)"
477,42,1,6781,"Research & Development",No,41-50,"Low Income (<40K)"
478,21,3,2174,Sales,Yes,20-30,"Low Income (<40K)"
479,36,1,6653,Sales,No,31-40,"Low Income (<40K)"
481,36,13,9699,Sales,No,31-40,"Low Income (<40K)"
482,57,3,6755,"Research & Development",No,50+,"Low Income (<40K)"
483,40,7,2213,"Research & Development",No,31-40,"Low Income (<40K)"
484,21,3,2610,Sales,No,20-30,"Low Income (<40K)"
485,33,1,2851,Sales,Yes,31-40,"Low Income (<40K)"
486,37,5,3452,"Research & Development",No,31-40,"Low Income (<40K)"
487,46,1,5258,"Research & Development",No,41-50,"Low Income (<40K)"
488,41,8,9355,Sales,Yes,41-50,"Low Income (<40K)"
491,50,4,10496,"Research & Development",No,41-50,"Low Income (<40K)"
492,40,6,6380,Sales,Yes,31-40,"Low Income (<40K)"
493,31,2,2657,"Research & Development",No,31-40,"Low Income (<40K)"
494,21,1,2716,Sales,Yes,20-30,"Low Income (<40K)"
495,29,3,2201,"Research & Development",No,20-30,"Low Income (<40K)"
496,35,1,6540,"Research & Development",No,31-40,"Low Income (<40K)"
497,27,5,3816,"Research & Development",No,20-30,"Low Income (<40K)"
498,28,7,5253,Sales,No,20-30,"Low Income (<40K)"
499,49,5,10965,"Research & Development",No,41-50,"Low Income (<40K)"
500,51,7,4936,Sales,No,50+,"Low Income (<40K)"
501,36,2,2543,"Research & Development",No,31-40,"Low Income (<40K)"
502,34,5,5304,Sales,Yes,31-40,"Low Income (<40K)"
505,55,5,16659,"Research & Development",No,50+,"Low Income (<40K)"
507,24,5,4260,Sales,No,20-30,"Low Income (<40K)"
508,30,1,2476,Sales,No,20-30,"Low Income (<40K)"
510,26,6,3102,"Research & Development",Yes,20-30,"Low Income (<40K)"
511,22,2,2244,"Research & Development",No,20-30,"Low Income (<40K)"
513,36,10,7596,Sales,No,31-40,"Low Income (<40K)"
514,30,1,2285,"Research & Development",Yes,20-30,"Low Income (<40K)"
515,37,18,3034,"Research & Development",No,31-40,"Low Income (<40K)"
516,40,5,5715,Sales,No,31-40,"Low Income (<40K)"
517,42,5,2576,"Research & Development",No,41-50,"Low Income (<40K)"
518,37,1,4197,"Research & Development",No,31-40,"Low Income (<40K)"
520,43,25,14336,"Research & Development",No,41-50,"Low Income (<40K)"
521,40,1,3448,"Research & Development",No,31-40,"Low Income (<40K)"
522,54,4,19406,"Research & Development",No,50+,"Low Income (<40K)"
523,34,3,6538,Sales,No,31-40,"Low Income (<40K)"
524,31,13,4306,"Research & Development",No,31-40,"Low Income (<40K)"
525,43,3,2258,"Research & Development",No,41-50,"Low Income (<40K)"
526,43,5,4522,"Research & Development",No,41-50,"Low Income (<40K)"
527,25,5,4487,Sales,No,20-30,"Low Income (<40K)"
529,37,13,4449,"Research & Development",No,31-40,"Low Income (<40K)"
530,31,4,2218,"Research & Development",No,31-40,"Low Income (<40K)"
531,39,21,19197,"Research & Development",No,31-40,"Low Income (<40K)"
532,56,7,13212,Sales,No,50+,"Low Income (<40K)"
533,30,5,6577,Sales,No,20-30,"Low Income (<40K)"
534,41,10,8392,Sales,No,41-50,"Low Income (<40K)"
536,28,10,4558,"Research & Development",No,20-30,"Low Income (<40K)"
538,25,2,4031,"Research & Development",Yes,20-30,"Low Income (<40K)"
543,52,5,7969,"Research & Development",No,50+,"Low Income (<40K)"
544,45,2,2654,"Research & Development",No,41-50,"Low Income (<40K)"
546,52,5,16555,"Research & Development",No,50+,"Low Income (<40K)"
547,42,5,4556,"Research & Development",No,41-50,"Low Income (<40K)"
548,30,5,6091,"Research & Development",No,20-30,"Low Income (<40K)"
549,60,29,19566,"Research & Development",No,50+,"Low Income (<40K)"
550,46,10,4810,"Research & Development",No,41-50,"Low Income (<40K)"
551,42,6,4523,"Research & Development",No,41-50,"Low Income (<40K)"
554,24,5,3202,Sales,Yes,20-30,"Low Income (<40K)"
555,34,2,2351,Sales,Yes,31-40,"Low Income (<40K)"
556,38,1,1702,"Research & Development",No,31-40,"Low Income (<40K)"
558,40,20,18041,Sales,No,31-40,"Low Income (<40K)"
560,26,3,2886,"Research & Development",No,20-30,"Low Income (<40K)"
562,30,5,2097,"Research & Development",No,20-30,"Low Income (<40K)"
564,29,10,11935,"Research & Development",No,20-30,"Low Income (<40K)"
565,29,2,2546,"Research & Development",Yes,20-30,"Low Income (<40K)"
566,19,1,2564,"Human Resources",Yes,50+,"Low Income (<40K)"
567,30,9,8412,Sales,No,20-30,"Low Income (<40K)"
568,57,1,14118,Sales,No,50+,"Low Income (<40K)"
569,50,27,17046,"Research & Development",No,41-50,"Low Income (<40K)"
571,30,11,2564,"Research & Development",No,20-30,"Low Income (<40K)"
573,60,18,10266,Sales,No,50+,"Low Income (<40K)"
574,47,5,5070,"Research & Development",No,41-50,"Low Income (<40K)"
575,46,3,17861,"Research & Development",No,41-50,"Low Income (<40K)"
577,35,5,4230,"Research & Development",No,31-40,"Low Income (<40K)"
578,54,1,3780,"Research & Development",No,50+,"Low Income (<40K)"
579,34,7,2768,"Research & Development",No,31-40,"Low Income (<40K)"
580,46,3,9071,Sales,No,41-50,"Low Income (<40K)"
581,31,13,10648,"Research & Development",No,31-40,"Low Income (<40K)"
582,33,7,13610,"Research & Development",Yes,31-40,"Low Income (<40K)"
584,33,4,3408,"Research & Development",Yes,31-40,"Low Income (<40K)"
585,30,3,2983,Sales,No,20-30,"Low Income (<40K)"
586,35,8,7632,"Research & Development",No,31-40,"Low Income (<40K)"
587,31,1,9824,"Research & Development",Yes,31-40,"Low Income (<40K)"
590,34,3,9950,"Human Resources",Yes,31-40,"Low Income (<40K)"
591,42,2,2093,"Research & Development",No,41-50,"Low Income (<40K)"
592,36,10,9980,Sales,No,31-40,"Low Income (<40K)"
593,22,2,3894,"Research & Development",Yes,20-30,"Low Income (<40K)"
595,48,9,4051,Sales,No,41-50,"Low Income (<40K)"
597,55,10,16835,Sales,No,50+,"Low Income (<40K)"
599,41,14,6230,Sales,No,41-50,"Low Income (<40K)"
600,35,11,4717,Sales,No,31-40,"Low Income (<40K)"
601,40,20,13237,"Research & Development",No,31-40,"Low Income (<40K)"
602,39,8,3755,"Research & Development",No,31-40,"Low Income (<40K)"
604,31,6,6582,Sales,No,31-40,"Low Income (<40K)"
605,42,10,7406,"Research & Development",No,41-50,"Low Income (<40K)"
606,45,8,4805,Sales,No,41-50,"Low Income (<40K)"
608,26,7,2741,"Human Resources",Yes,20-30,"Low Income (<40K)"
611,29,3,4262,"Research & Development",No,20-30,"Low Income (<40K)"
612,33,6,16184,"Research & Development",No,31-40,"Low Income (<40K)"
613,31,5,11557,Sales,No,31-40,"Low Income (<40K)"
614,18,0,1878,Sales,Yes,50+,"Low Income (<40K)"
615,40,1,10932,Sales,No,31-40,"Low Income (<40K)"
616,41,8,6811,"Research & Development",No,41-50,"Low Income (<40K)"
618,26,0,4306,Sales,No,20-30,"Low Income (<40K)"
620,35,5,4859,Sales,No,31-40,"Low Income (<40K)"
621,34,10,5337,Sales,No,31-40,"Low Income (<40K)"
622,26,1,2340,"Research & Development",Yes,20-30,"Low Income (<40K)"
623,37,6,7491,"Research & Development",No,31-40,"Low Income (<40K)"
624,46,2,10527,"Research & Development",No,41-50,"Low Income (<40K)"
625,41,18,16595,Sales,No,41-50,"Low Income (<40K)"
626,37,9,8834,Sales,No,31-40,"Low Income (<40K)"
630,52,10,5577,"Research & Development",No,50+,"Low Income (<40K)"
631,32,4,4707,Sales,Yes,31-40,"Low Income (<40K)"
632,24,2,2400,Sales,No,20-30,"Low Income (<40K)"
634,38,1,9824,"Research & Development",No,31-40,"Low Income (<40K)"
635,37,6,6447,"Research & Development",No,31-40,"Low Income (<40K)"
638,49,31,19502,"Research & Development",No,41-50,"Low Income (<40K)"
639,24,6,2725,"Research & Development",No,20-30,"Low Income (<40K)"
641,26,5,6272,Sales,No,20-30,"Low Income (<40K)"
643,24,1,2127,"Research & Development",No,20-30,"Low Income (<40K)"
644,50,32,18200,"Human Resources",No,41-50,"Low Income (<40K)"
645,25,7,2096,Sales,No,20-30,"Low Income (<40K)"
647,24,6,2886,"Research & Development",Yes,20-30,"Low Income (<40K)"
648,30,1,2033,Sales,Yes,20-30,"Low Income (<40K)"
649,34,6,3622,"Research & Development",No,31-40,"Low Income (<40K)"
650,31,3,4233,Sales,Yes,31-40,"Low Income (<40K)"
652,35,3,3681,"Research & Development",No,31-40,"Low Income (<40K)"
653,31,7,5460,Sales,No,31-40,"Low Income (<40K)"
655,27,5,2187,"Research & Development",No,20-30,"Low Income (<40K)"
656,37,3,9602,Sales,No,31-40,"Low Income (<40K)"
657,20,1,2836,"Research & Development",No,20-30,"Low Income (<40K)"
659,42,10,4089,"Research & Development",No,41-50,"Low Income (<40K)"
661,43,1,16627,"Research & Development",No,41-50,"Low Income (<40K)"
662,38,0,2619,"Research & Development",No,31-40,"Low Income (<40K)"
663,43,8,5679,"Research & Development",No,41-50,"Low Income (<40K)"
664,48,3,15402,"Research & Development",No,41-50,"Low Income (<40K)"
665,44,2,5985,"Human Resources",No,41-50,"Low Income (<40K)"
666,34,8,2579,Sales,No,31-40,"Low Income (<40K)"
667,27,4,3041,Sales,Yes,20-30,"Low Income (<40K)"
669,21,3,3447,Sales,No,20-30,"Low Income (<40K)"
671,44,2,19513,"Research & Development",No,41-50,"Low Income (<40K)"
675,22,2,2773,"Research & Development",No,20-30,"Low Income (<40K)"
677,33,5,7104,Sales,No,31-40,"Low Income (<40K)"
679,32,6,6322,"Research & Development",No,31-40,"Low Income (<40K)"
680,30,1,2083,"Research & Development",No,20-30,"Low Income (<40K)"
682,53,14,8381,Sales,No,50+,"Low Income (<40K)"
683,34,10,2691,"Research & Development",No,31-40,"Low Income (<40K)"
684,45,1,4286,Sales,Yes,41-50,"Low Income (<40K)"
686,26,3,2659,"Research & Development",No,20-30,"Low Income (<40K)"
689,37,10,9434,"Research & Development",No,31-40,"Low Income (<40K)"
690,29,6,5561,Sales,No,20-30,"Low Income (<40K)"
691,35,17,6646,"Research & Development",No,31-40,"Low Income (<40K)"
692,33,13,7725,"Research & Development",No,31-40,"Low Income (<40K)"
698,54,9,10725,"Human Resources",No,50+,"Low Income (<40K)"
699,36,3,8847,"Research & Development",No,31-40,"Low Income (<40K)"
700,27,4,2045,"Research & Development",No,20-30,"Low Income (<40K)"
701,20,1,1009,"Research & Development",Yes,20-30,"Low Income (<40K)"
702,33,10,3348,"Research & Development",Yes,31-40,"Low Income (<40K)"
704,35,1,1281,"Research & Development",No,31-40,"Low Income (<40K)"
705,23,3,2819,"Research & Development",No,20-30,"Low Income (<40K)"
707,25,3,4851,Sales,No,20-30,"Low Income (<40K)"
709,38,7,4028,Sales,No,31-40,"Low Income (<40K)"
710,29,10,2720,"Research & Development",No,20-30,"Low Income (<40K)"
712,48,2,8120,Sales,No,41-50,"Low Income (<40K)"
714,27,6,4647,Sales,No,20-30,"Low Income (<40K)"
715,37,1,4680,"Research & Development",No,31-40,"Low Income (<40K)"
716,50,20,3221,"Research & Development",No,41-50,"Low Income (<40K)"
717,34,8,8621,"Research & Development",No,31-40,"Low Income (<40K)"
720,24,2,4577,Sales,Yes,20-30,"Low Income (<40K)"
721,39,20,4553,"Research & Development",No,31-40,"Low Income (<40K)"
722,32,10,5396,Sales,No,31-40,"Low Income (<40K)"
723,50,4,6796,Sales,Yes,41-50,"Low Income (<40K)"
724,38,9,7625,"Research & Development",No,31-40,"Low Income (<40K)"
725,27,9,7412,"Research & Development",No,20-30,"Low Income (<40K)"
727,32,7,11159,"Research & Development",No,31-40,"Low Income (<40K)"
728,47,7,4960,Sales,No,41-50,"Low Income (<40K)"
729,40,18,10475,Sales,No,31-40,"Low Income (<40K)"
730,53,5,14814,"Research & Development",No,50+,"Low Income (<40K)"
731,41,21,19141,"Human Resources",No,41-50,"Low Income (<40K)"
732,60,2,5405,Sales,No,50+,"Low Income (<40K)"
733,27,9,8793,"Research & Development",No,20-30,"Low Income (<40K)"
734,41,22,19189,"Human Resources",No,41-50,"Low Income (<40K)"
738,50,2,3875,Sales,No,41-50,"Low Income (<40K)"
741,28,7,2216,"Research & Development",Yes,20-30,"Low Income (<40K)"
742,36,8,11713,"Research & Development",No,31-40,"Low Income (<40K)"
743,38,1,7861,"Research & Development",No,31-40,"Low Income (<40K)"
744,44,5,3708,"Research & Development",No,41-50,"Low Income (<40K)"
746,47,22,13770,Sales,No,41-50,"Low Income (<40K)"
747,30,8,5304,Sales,No,20-30,"Low Income (<40K)"
749,29,1,2642,Sales,No,20-30,"Low Income (<40K)"
752,42,2,2759,"Research & Development",Yes,41-50,"Low Income (<40K)"
754,43,2,6804,Sales,No,41-50,"Low Income (<40K)"
757,34,5,6142,"Research & Development",No,31-40,"Low Income (<40K)"
758,23,4,2500,"Research & Development",No,20-30,"Low Income (<40K)"
760,39,8,6389,"Human Resources",No,31-40,"Low Income (<40K)"
762,56,10,11103,"Research & Development",No,50+,"Low Income (<40K)"
763,40,4,2342,"Research & Development",No,31-40,"Low Income (<40K)"
764,27,7,6811,"Research & Development",No,20-30,"Low Income (<40K)"
766,29,2,2297,Sales,No,20-30,"Low Income (<40K)"
769,53,2,2450,"Research & Development",No,50+,"Low Income (<40K)"
771,35,1,5093,"Research & Development",No,31-40,"Low Income (<40K)"
772,32,10,5309,"Research & Development",No,31-40,"Low Income (<40K)"
773,38,1,3057,"Research & Development",No,31-40,"Low Income (<40K)"
775,34,0,5121,"Research & Development",No,31-40,"Low Income (<40K)"
776,52,34,16856,Sales,No,50+,"Low Income (<40K)"
780,33,10,2686,"Research & Development",Yes,31-40,"Low Income (<40K)"
781,25,6,6180,Sales,No,20-30,"Low Income (<40K)"
783,45,8,6632,Sales,No,41-50,"Low Income (<40K)"
784,23,2,3505,"Research & Development",No,20-30,"Low Income (<40K)"
785,47,5,6397,Sales,Yes,41-50,"Low Income (<40K)"
786,34,6,6274,Sales,No,31-40,"Low Income (<40K)"
787,55,5,19859,"Research & Development",Yes,50+,"Low Income (<40K)"
789,36,10,7587,Sales,No,31-40,"Low Income (<40K)"
791,52,4,4258,"Research & Development",No,50+,"Low Income (<40K)"
792,26,2,4364,"Research & Development",No,20-30,"Low Income (<40K)"
793,29,8,4335,"Research & Development",No,20-30,"Low Income (<40K)"
796,26,4,5326,Sales,Yes,20-30,"Low Income (<40K)"
797,34,4,3280,"Research & Development",No,31-40,"Low Income (<40K)"
799,54,5,5485,"Research & Development",No,50+,"Low Income (<40K)"
800,27,4,4342,Sales,No,20-30,"Low Income (<40K)"
802,37,5,2782,"Research & Development",No,31-40,"Low Income (<40K)"
803,38,15,5980,"Research & Development",No,31-40,"Low Income (<40K)"
804,34,6,4381,"Research & Development",No,31-40,"Low Income (<40K)"
805,35,3,2572,Sales,No,31-40,"Low Income (<40K)"
806,30,2,3833,"Research & Development",No,20-30,"Low Income (<40K)"
807,40,8,4244,"Research & Development",No,31-40,"Low Income (<40K)"
808,34,3,6500,Sales,No,31-40,"Low Income (<40K)"
809,42,24,18430,"Research & Development",No,41-50,"Low Income (<40K)"
811,23,0,1601,"Research & Development",Yes,20-30,"Low Income (<40K)"
812,24,1,2694,"Research & Development",No,20-30,"Low Income (<40K)"
813,52,5,3149,"Research & Development",No,50+,"Low Income (<40K)"
815,50,4,17639,"Research & Development",No,41-50,"Low Income (<40K)"
816,29,1,2319,"Research & Development",Yes,20-30,"Low Income (<40K)"
817,33,13,11691,"Research & Development",No,31-40,"Low Income (<40K)"
819,33,3,5324,Sales,Yes,31-40,"Low Income (<40K)"
820,47,26,16752,"Research & Development",No,41-50,"Low Income (<40K)"
823,36,9,5228,"Research & Development",No,31-40,"Low Income (<40K)"
824,29,10,2700,"Research & Development",No,20-30,"Low Income (<40K)"
825,58,31,19246,"Research & Development",Yes,50+,"Low Income (<40K)"
826,35,2,2506,"Research & Development",No,31-40,"Low Income (<40K)"
827,42,4,6062,"Research & Development",No,41-50,"Low Income (<40K)"
828,28,2,4382,"Research & Development",Yes,20-30,"Low Income (<40K)"
829,36,5,2143,"Human Resources",No,31-40,"Low Income (<40K)"
830,32,14,6162,"Research & Development",No,31-40,"Low Income (<40K)"
832,40,1,5094,"Research & Development",No,31-40,"Low Income (<40K)"
833,30,0,6877,"Research & Development",No,20-30,"Low Income (<40K)"
834,45,1,2274,"Research & Development",No,41-50,"Low Income (<40K)"
836,42,9,4434,"Research & Development",No,41-50,"Low Income (<40K)"
837,38,4,6288,"Research & Development",No,31-40,"Low Income (<40K)"
838,34,5,2553,"Research & Development",No,31-40,"Low Income (<40K)"
840,49,9,7654,Sales,Yes,41-50,"Low Income (<40K)"
842,55,9,5160,Sales,Yes,50+,"Low Income (<40K)"
843,43,4,17159,"Research & Development",No,41-50,"Low Income (<40K)"
844,27,9,12808,"Research & Development",No,20-30,"Low Income (<40K)"
845,35,8,10221,"Research & Development",No,31-40,"Low Income (<40K)"
846,28,8,4779,Sales,No,20-30,"Low Income (<40K)"
847,34,3,3737,"Human Resources",No,31-40,"Low Income (<40K)"
848,26,8,2366,"Research & Development",Yes,20-30,"Low Income (<40K)"
850,27,0,1706,"Research & Development",No,20-30,"Low Income (<40K)"
851,51,20,16307,Sales,No,50+,"Low Income (<40K)"
852,44,5,5933,"Research & Development",No,41-50,"Low Income (<40K)"
854,25,4,3424,"Research & Development",No,20-30,"Low Income (<40K)"
855,33,9,4037,Sales,No,31-40,"Low Income (<40K)"
856,35,6,2559,"Research & Development",No,31-40,"Low Income (<40K)"
857,36,18,6201,Sales,No,31-40,"Low Income (<40K)"
859,32,5,4403,Sales,No,31-40,"Low Income (<40K)"
861,30,5,3761,"Research & Development",No,20-30,"Low Income (<40K)"
862,53,5,10934,Sales,No,50+,"Low Income (<40K)"
864,45,5,10761,Sales,No,41-50,"Low Income (<40K)"
865,32,5,5175,"Research & Development",No,31-40,"Low Income (<40K)"
867,52,9,13826,"Research & Development",No,50+,"Low Income (<40K)"
868,37,1,6334,Sales,No,31-40,"Low Income (<40K)"
869,28,5,4936,"Human Resources",No,20-30,"Low Income (<40K)"
872,22,2,4775,"Research & Development",No,20-30,"Low Income (<40K)"
874,44,3,2818,"Research & Development",No,41-50,"Low Income (<40K)"
875,42,2,2515,"Research & Development",No,41-50,"Low Income (<40K)"
878,36,5,2342,"Human Resources",No,31-40,"Low Income (<40K)"
879,25,5,4194,Sales,No,20-30,"Low Income (<40K)"
880,35,17,10685,"Research & Development",No,31-40,"Low Income (<40K)"
881,35,10,2022,"Research & Development",Yes,31-40,"Low Income (<40K)"
882,32,3,2314,"Research & Development",No,31-40,"Low Income (<40K)"
885,25,5,4256,Sales,No,20-30,"Low Income (<40K)"
887,49,4,3580,"Research & Development",No,41-50,"Low Income (<40K)"
888,24,5,3162,"Research & Development",No,20-30,"Low Income (<40K)"
889,32,10,6524,Sales,No,31-40,"Low Income (<40K)"
893,38,2,2899,Sales,No,31-40,"Low Income (<40K)"
894,42,5,5231,"Research & Development",No,41-50,"Low Income (<40K)"
895,31,6,2356,"Research & Development",No,31-40,"Low Income (<40K)"
896,29,3,2800,Sales,Yes,20-30,"Low Income (<40K)"
897,53,2,11836,Sales,No,50+,"Low Income (<40K)"
899,35,13,10903,"Research & Development",No,31-40,"Low Income (<40K)"
900,37,5,2973,Sales,No,31-40,"Low Income (<40K)"
901,53,12,14275,"Research & Development",No,50+,"Low Income (<40K)"
902,43,5,5562,"Research & Development",No,41-50,"Low Income (<40K)"
903,47,7,4537,Sales,No,41-50,"Low Income (<40K)"
904,37,10,7642,Sales,No,31-40,"Low Income (<40K)"
905,50,31,17924,"Research & Development",No,41-50,"Low Income (<40K)"
909,39,5,5204,"Human Resources",No,31-40,"Low Income (<40K)"
910,33,4,2277,"Human Resources",No,31-40,"Low Income (<40K)"
911,32,1,2795,"Research & Development",Yes,31-40,"Low Income (<40K)"
912,29,4,2532,"Research & Development",No,20-30,"Low Income (<40K)"
913,44,8,2559,"Research & Development",No,41-50,"Low Income (<40K)"
916,28,4,4908,Sales,No,20-30,"Low Income (<40K)"
918,58,1,2380,"Research & Development",Yes,50+,"Low Income (<40K)"
920,43,1,4765,"Research & Development",No,41-50,"Low Income (<40K)"
922,20,2,2044,Sales,Yes,20-30,"Low Income (<40K)"
923,21,1,2693,"Research & Development",Yes,20-30,"Low Income (<40K)"
924,36,16,6586,"Research & Development",No,31-40,"Low Income (<40K)"
925,47,3,3294,Sales,No,41-50,"Low Income (<40K)"
926,22,3,4171,"Research & Development",Yes,20-30,"Low Income (<40K)"
927,41,7,2778,"Research & Development",Yes,41-50,"Low Income (<40K)"
930,28,2,2377,"Research & Development",No,20-30,"Low Income (<40K)"
932,39,2,2404,"Research & Development",Yes,31-40,"Low Income (<40K)"
933,27,1,2318,"Research & Development",No,20-30,"Low Income (<40K)"
934,34,1,2008,"Research & Development",No,31-40,"Low Income (<40K)"
936,42,5,6244,Sales,No,41-50,"Low Income (<40K)"
939,33,3,2799,"Research & Development",No,31-40,"Low Income (<40K)"
940,58,6,10552,"Research & Development",No,50+,"Low Income (<40K)"
941,31,7,2329,Sales,No,31-40,"Low Income (<40K)"
942,35,10,4014,"Research & Development",No,31-40,"Low Income (<40K)"
944,49,26,7403,"Research & Development",No,41-50,"Low Income (<40K)"
945,48,0,2259,"Research & Development",No,41-50,"Low Income (<40K)"
947,31,9,6932,Sales,No,31-40,"Low Income (<40K)"
949,36,6,4678,"Research & Development",No,31-40,"Low Income (<40K)"
950,38,15,13582,"Research & Development",No,31-40,"Low Income (<40K)"
951,32,3,2332,"Research & Development",No,31-40,"Low Income (<40K)"
952,25,1,2413,Sales,Yes,20-30,"Low Income (<40K)"
954,40,1,9705,Sales,No,31-40,"Low Income (<40K)"
956,26,7,4294,Sales,No,20-30,"Low Income (<40K)"
957,41,18,4721,"Research & Development",No,41-50,"Low Income (<40K)"
958,36,11,2519,"Research & Development",No,31-40,"Low Income (<40K)"
959,19,1,2121,Sales,Yes,50+,"Low Income (<40K)"
960,20,1,2973,"Research & Development",Yes,20-30,"Low Income (<40K)"
961,31,9,5855,"Research & Development",No,31-40,"Low Income (<40K)"
964,40,1,3617,"Research & Development",No,31-40,"Low Income (<40K)"
966,32,8,6725,"Research & Development",No,31-40,"Low Income (<40K)"
967,36,16,10325,Sales,Yes,31-40,"Low Income (<40K)"
969,33,5,6949,"Research & Development",No,31-40,"Low Income (<40K)"
970,37,14,10609,Sales,Yes,31-40,"Low Income (<40K)"
972,45,9,4447,"Research & Development",No,41-50,"Low Income (<40K)"
974,29,3,2157,Sales,No,20-30,"Low Income (<40K)"
975,35,5,4601,Sales,No,31-40,"Low Income (<40K)"
976,52,9,17099,"Research & Development",No,50+,"Low Income (<40K)"
977,58,1,2479,"Research & Development",Yes,50+,"Low Income (<40K)"
981,53,17,14852,Sales,No,50+,"Low Income (<40K)"
982,30,8,7264,Sales,No,20-30,"Low Income (<40K)"
983,38,5,5666,Sales,No,31-40,"Low Income (<40K)"
984,35,10,7823,Sales,No,31-40,"Low Income (<40K)"
985,39,8,7880,Sales,No,31-40,"Low Income (<40K)"
986,40,1,13194,Sales,Yes,31-40,"Low Income (<40K)"
987,47,19,5067,"Research & Development",No,41-50,"Low Income (<40K)"
990,36,7,5079,Sales,No,31-40,"Low Income (<40K)"
991,31,3,2321,"Research & Development",Yes,31-40,"Low Income (<40K)"
992,33,10,17444,Sales,No,31-40,"Low Income (<40K)"
994,29,0,2404,"Research & Development",Yes,20-30,"Low Income (<40K)"
995,33,3,3452,"Research & Development",No,31-40,"Low Income (<40K)"
996,45,5,2270,"Research & Development",No,41-50,"Low Income (<40K)"
997,50,5,17399,"Research & Development",No,41-50,"Low Income (<40K)"
998,33,6,5488,"Research & Development",No,31-40,"Low Income (<40K)"
999,41,18,19419,"Research & Development",No,41-50,"Low Income (<40K)"
1001,27,2,2811,"Research & Development",No,20-30,"Low Income (<40K)"
1002,45,9,3633,"Research & Development",No,41-50,"Low Income (<40K)"
1003,47,9,4163,Sales,No,41-50,"Low Income (<40K)"
1004,30,5,2132,"Research & Development",Yes,20-30,"Low Income (<40K)"
1005,50,12,13973,"Research & Development",No,41-50,"Low Income (<40K)"
1006,38,2,2684,"Research & Development",No,31-40,"Low Income (<40K)"
1007,46,8,10845,"Research & Development",No,41-50,"Low Income (<40K)"
1009,24,4,4377,"Research & Development",No,20-30,"Low Income (<40K)"
1010,35,4,3743,"Research & Development",Yes,31-40,"Low Income (<40K)"
1011,31,4,4148,"Research & Development",No,31-40,"Low Income (<40K)"
1012,18,0,1051,"Research & Development",No,50+,"Low Income (<40K)"
1013,54,10,10739,"Research & Development",No,50+,"Low Income (<40K)"
1014,35,16,10388,"Research & Development",No,31-40,"Low Income (<40K)"
1015,30,8,11416,"Research & Development",No,20-30,"Low Income (<40K)"
1016,20,1,2600,"Research & Development",Yes,20-30,"Low Income (<40K)"
1017,30,3,2422,"Research & Development",Yes,20-30,"Low Income (<40K)"
1018,26,8,5472,"Research & Development",No,20-30,"Low Income (<40K)"
1019,22,4,2451,"Research & Development",No,20-30,"Low Income (<40K)"
1022,48,2,4240,"Research & Development",No,41-50,"Low Income (<40K)"
1024,48,15,10999,"Research & Development",No,41-50,"Low Income (<40K)"
1025,41,2,5003,"Research & Development",No,41-50,"Low Income (<40K)"
1026,39,21,12742,"Research & Development",No,31-40,"Low Income (<40K)"
1027,27,3,4227,"Research & Development",No,20-30,"Low Income (<40K)"
1028,35,3,3917,"Research & Development",No,31-40,"Low Income (<40K)"
1029,42,1,18303,Sales,No,41-50,"Low Income (<40K)"
1030,50,1,2380,"Research & Development",No,41-50,"Low Income (<40K)"
1032,59,5,13726,"Research & Development",No,50+,"Low Income (<40K)"
1033,37,1,4777,"Research & Development",Yes,31-40,"Low Income (<40K)"
1034,55,8,6385,"Research & Development",No,50+,"Low Income (<40K)"
1035,41,21,19973,"Research & Development",No,41-50,"Low Income (<40K)"
1036,38,1,6861,Sales,No,31-40,"Low Income (<40K)"
1037,26,2,4969,Sales,Yes,20-30,"Low Income (<40K)"
1038,52,32,19845,Sales,Yes,50+,"Low Income (<40K)"
1039,44,12,13320,Sales,No,41-50,"Low Income (<40K)"
1040,50,18,6347,Sales,No,41-50,"Low Income (<40K)"
1042,36,17,2743,"Research & Development",Yes,31-40,"Low Income (<40K)"
1043,39,21,10880,"Research & Development",No,31-40,"Low Income (<40K)"
1044,33,2,2342,Sales,No,31-40,"Low Income (<40K)"
1045,45,9,17650,Sales,No,41-50,"Low Income (<40K)"
1046,32,8,4025,"Research & Development",No,31-40,"Low Income (<40K)"
1047,34,15,9725,Sales,No,31-40,"Low Income (<40K)"
1048,59,6,11904,Sales,No,50+,"Low Income (<40K)"
1049,45,6,2177,"Human Resources",No,41-50,"Low Income (<40K)"
1050,53,15,7525,Sales,No,50+,"Low Income (<40K)"
1052,36,1,4834,"Research & Development",Yes,31-40,"Low Income (<40K)"
1053,26,3,2042,"Research & Development",Yes,20-30,"Low Income (<40K)"
1055,34,1,2220,Sales,No,31-40,"Low Income (<40K)"
1056,28,1,1052,Sales,No,20-30,"Low Income (<40K)"
1060,38,2,2821,"Research & Development",No,31-40,"Low Income (<40K)"
1061,50,8,19237,"Research & Development",No,41-50,"Low Income (<40K)"
1062,37,4,4107,"Research & Development",No,31-40,"Low Income (<40K)"
1066,40,7,8396,Sales,No,31-40,"Low Income (<40K)"
1068,26,5,2007,"Research & Development",No,20-30,"Low Income (<40K)"
1069,46,2,19627,"Research & Development",No,41-50,"Low Income (<40K)"
1070,54,9,10686,Sales,No,50+,"Low Income (<40K)"
1071,56,5,2942,"Research & Development",No,50+,"Low Income (<40K)"
1073,36,14,8858,"Research & Development",No,31-40,"Low Income (<40K)"
1074,55,9,16756,"Research & Development",No,50+,"Low Income (<40K)"
1076,43,1,10798,Sales,No,41-50,"Low Income (<40K)"
1077,20,2,2323,Sales,Yes,20-30,"Low Income (<40K)"
1079,21,1,1416,"Research & Development",Yes,20-30,"Low Income (<40K)"
1080,46,16,4615,"Research & Development",No,41-50,"Low Income (<40K)"
1081,51,10,2461,"Research & Development",Yes,50+,"Low Income (<40K)"
1082,28,10,8722,"Research & Development",Yes,20-30,"Low Income (<40K)"
1083,26,5,3955,"Research & Development",No,20-30,"Low Income (<40K)"
1084,30,6,9957,"Research & Development",No,20-30,"Low Income (<40K)"
1085,41,10,3376,"Research & Development",No,41-50,"Low Income (<40K)"
1088,38,19,8823,"Research & Development",No,31-40,"Low Income (<40K)"
1092,40,11,10322,"Research & Development",No,31-40,"Low Income (<40K)"
1094,27,3,4621,"Research & Development",No,20-30,"Low Income (<40K)"
1096,55,3,10976,"Research & Development",No,50+,"Low Income (<40K)"
1097,28,8,3660,"Research & Development",No,20-30,"Low Income (<40K)"
1098,44,20,10482,"Human Resources",Yes,41-50,"Low Income (<40K)"
1099,33,3,7119,"Research & Development",No,31-40,"Low Income (<40K)"
1100,35,8,9582,Sales,Yes,31-40,"Low Income (<40K)"
1101,33,13,4508,"Research & Development",Yes,31-40,"Low Income (<40K)"
1102,28,4,2207,"Research & Development",No,20-30,"Low Income (<40K)"
1103,34,6,7756,"Research & Development",No,31-40,"Low Income (<40K)"
1105,37,1,6694,Sales,No,31-40,"Low Income (<40K)"
1106,25,7,3691,"Research & Development",Yes,20-30,"Low Income (<40K)"
1107,26,1,2377,"Research & Development",Yes,20-30,"Low Income (<40K)"
1108,33,2,2313,"Research & Development",Yes,31-40,"Low Income (<40K)"
1109,42,22,17665,"Research & Development",No,41-50,"Low Income (<40K)"
1111,28,1,2596,"Research & Development",Yes,20-30,"Low Income (<40K)"
1113,50,0,4728,Sales,Yes,41-50,"Low Income (<40K)"
1114,33,3,4302,Sales,No,31-40,"Low Income (<40K)"
1115,34,0,2979,"Research & Development",No,31-40,"Low Income (<40K)"
1116,48,5,16885,"Research & Development",No,41-50,"Low Income (<40K)"
1117,45,15,5593,Sales,No,41-50,"Low Income (<40K)"
1118,52,8,10445,"Research & Development",No,50+,"Low Income (<40K)"
1119,38,8,8740,Sales,No,31-40,"Low Income (<40K)"
1120,29,7,2514,"Research & Development",No,20-30,"Low Income (<40K)"
1121,28,9,7655,"Research & Development",No,20-30,"Low Income (<40K)"
1124,46,12,17465,Sales,No,41-50,"Low Income (<40K)"
1125,38,1,7351,Sales,No,31-40,"Low Income (<40K)"
1126,43,8,10820,"Research & Development",No,41-50,"Low Income (<40K)"
1127,39,18,12169,"Research & Development",Yes,31-40,"Low Income (<40K)"
1128,40,20,19626,"Research & Development",No,31-40,"Low Income (<40K)"
1131,21,2,2070,"Research & Development",No,20-30,"Low Income (<40K)"
1132,39,5,6782,"Research & Development",No,31-40,"Low Income (<40K)"
1133,36,11,7779,"Research & Development",No,31-40,"Low Income (<40K)"
1135,31,2,2791,Sales,No,31-40,"Low Income (<40K)"
1136,28,5,3201,"Research & Development",No,20-30,"Low Income (<40K)"
1137,35,5,4968,Sales,No,31-40,"Low Income (<40K)"
1138,49,9,13120,Sales,No,41-50,"Low Income (<40K)"
1140,34,3,4033,"Research & Development",No,31-40,"Low Income (<40K)"
1143,29,7,3291,"Research & Development",No,20-30,"Low Income (<40K)"
1148,42,1,4272,"Research & Development",No,41-50,"Low Income (<40K)"
1150,29,10,5056,"Research & Development",No,20-30,"Low Income (<40K)"
1152,38,7,2844,"Human Resources",No,31-40,"Low Income (<40K)"
1154,28,3,2703,"Research & Development",No,20-30,"Low Income (<40K)"
1156,18,0,1904,"Research & Development",Yes,50+,"Low Income (<40K)"
1157,33,5,8224,Sales,Yes,31-40,"Low Income (<40K)"
1158,41,1,4766,"Research & Development",No,41-50,"Low Income (<40K)"
1160,31,2,2610,"Research & Development",Yes,31-40,"Low Income (<40K)"
1161,37,6,5731,"Research & Development",No,31-40,"Low Income (<40K)"
1162,27,4,2539,"Research & Development",No,20-30,"Low Income (<40K)"
1163,34,6,5714,Sales,No,31-40,"Low Income (<40K)"
1164,35,5,4323,"Human Resources",No,31-40,"Low Income (<40K)"
1165,29,11,7336,Sales,Yes,20-30,"Low Income (<40K)"
1166,40,18,13499,"Research & Development",No,31-40,"Low Income (<40K)"
1167,42,21,13758,Sales,Yes,41-50,"Low Income (<40K)"
1171,42,6,5155,Sales,No,41-50,"Low Income (<40K)"
1172,35,8,2258,"Research & Development",No,31-40,"Low Income (<40K)"
1173,24,4,3597,"Research & Development",No,20-30,"Low Income (<40K)"
1175,28,1,2515,"Research & Development",Yes,20-30,"Low Income (<40K)"
1177,26,8,4420,"Research & Development",No,20-30,"Low Income (<40K)"
1179,30,10,6578,Sales,No,20-30,"Low Income (<40K)"
1180,40,1,4422,"Research & Development",No,31-40,"Low Income (<40K)"
1182,35,7,10274,"Research & Development",No,31-40,"Low Income (<40K)"
1184,34,13,5343,"Research & Development",No,31-40,"Low Income (<40K)"
1185,35,2,2376,"Research & Development",No,31-40,"Low Income (<40K)"
1188,43,4,5346,Sales,Yes,41-50,"Low Income (<40K)"
1190,32,1,2827,Sales,No,31-40,"Low Income (<40K)"
1191,56,5,19943,"Research & Development",No,50+,"Low Income (<40K)"
1192,29,10,3131,"Research & Development",No,20-30,"Low Income (<40K)"
1193,19,1,2552,"Research & Development",No,50+,"Low Income (<40K)"
1195,45,3,4477,"Research & Development",No,41-50,"Low Income (<40K)"
1196,37,14,6474,"Research & Development",No,31-40,"Low Income (<40K)"
1198,20,2,3033,"Research & Development",No,20-30,"Low Income (<40K)"
1200,44,6,2936,"Research & Development",Yes,41-50,"Low Income (<40K)"
1201,53,7,18606,"Research & Development",No,50+,"Low Income (<40K)"
1202,29,5,2168,"Research & Development",No,20-30,"Low Income (<40K)"
1203,22,0,2853,"Research & Development",Yes,20-30,"Low Income (<40K)"
1204,46,26,17048,Sales,No,41-50,"Low Income (<40K)"
1206,44,0,2290,"Research & Development",No,41-50,"Low Income (<40K)"
1207,33,5,3600,"Human Resources",No,31-40,"Low Income (<40K)"
1210,41,1,2107,"Research & Development",Yes,41-50,"Low Income (<40K)"
1211,30,4,4115,Sales,No,20-30,"Low Income (<40K)"
1212,40,0,4327,Sales,No,31-40,"Low Income (<40K)"
1215,50,2,17856,"Research & Development",No,41-50,"Low Income (<40K)"
1216,28,6,3196,"Research & Development",No,20-30,"Low Income (<40K)"
1217,46,4,19081,"Research & Development",No,41-50,"Low Income (<40K)"
1218,35,7,8966,Sales,No,31-40,"Low Income (<40K)"
1219,24,1,2210,"Research & Development",Yes,20-30,"Low Income (<40K)"
1220,33,10,4539,Sales,No,31-40,"Low Income (<40K)"
1221,36,7,2741,"Research & Development",No,31-40,"Low Income (<40K)"
1224,30,10,3491,"Research & Development",No,20-30,"Low Income (<40K)"
1225,44,20,4541,"Research & Development",No,41-50,"Low Income (<40K)"
1226,20,2,2678,Sales,No,20-30,"Low Income (<40K)"
1228,46,6,7379,"Research & Development",No,41-50,"Low Income (<40K)"
1231,42,4,6272,"Human Resources",No,41-50,"Low Income (<40K)"
1233,60,11,5220,Sales,No,50+,"Low Income (<40K)"
1234,32,2,2743,"Research & Development",No,31-40,"Low Income (<40K)"
1235,32,8,4998,"Research & Development",No,31-40,"Low Income (<40K)"
1237,36,7,10252,"Research & Development",No,31-40,"Low Income (<40K)"
1238,33,14,2781,"Research & Development",No,31-40,"Low Income (<40K)"
1239,40,5,6852,Sales,No,31-40,"Low Income (<40K)"
1240,25,4,4950,Sales,No,20-30,"Low Income (<40K)"
1241,30,11,3579,"Research & Development",No,20-30,"Low Income (<40K)"
1242,42,1,13191,"Research & Development",No,41-50,"Low Income (<40K)"
1243,35,13,10377,Sales,No,31-40,"Low Income (<40K)"
1244,27,9,2235,"Research & Development",No,20-30,"Low Income (<40K)"
1245,54,5,10502,"Research & Development",No,50+,"Low Income (<40K)"
1246,44,10,2011,"Research & Development",No,41-50,"Low Income (<40K)"
1248,19,1,1859,"Research & Development",Yes,50+,"Low Income (<40K)"
1249,29,3,3760,"Research & Development",No,20-30,"Low Income (<40K)"
1250,54,10,17779,"Research & Development",No,50+,"Low Income (<40K)"
1251,31,6,6833,"Research & Development",No,31-40,"Low Income (<40K)"
1252,31,10,6812,"Research & Development",No,31-40,"Low Income (<40K)"
1254,59,6,5171,Sales,No,50+,"Low Income (<40K)"
1255,43,8,19740,"Research & Development",No,41-50,"Low Income (<40K)"
1256,49,1,18711,"Research & Development",No,41-50,"Low Income (<40K)"
1257,36,11,3692,"Research & Development",No,31-40,"Low Income (<40K)"
1258,48,1,2559,"Research & Development",No,41-50,"Low Income (<40K)"
1259,27,5,2517,"Research & Development",No,20-30,"Low Income (<40K)"
1260,29,6,6623,"Research & Development",No,20-30,"Low Income (<40K)"
1263,48,1,18265,"Research & Development",No,41-50,"Low Income (<40K)"
1264,29,7,16124,"Research & Development",No,20-30,"Low Income (<40K)"
1265,34,1,2585,"Research & Development",No,31-40,"Low Income (<40K)"
1267,44,22,18213,Sales,No,41-50,"Low Income (<40K)"
1268,33,9,8380,Sales,No,31-40,"Low Income (<40K)"
1269,19,1,2994,"Research & Development",No,50+,"Low Income (<40K)"
1270,23,1,1223,"Research & Development",No,20-30,"Low Income (<40K)"
1273,25,1,1118,Sales,Yes,20-30,"Low Income (<40K)"
1275,26,8,2875,"Research & Development",No,20-30,"Low Income (<40K)"
1277,45,24,18824,Sales,Yes,41-50,"Low Income (<40K)"
1278,55,33,13577,"Research & Development",No,50+,"Low Income (<40K)"
1279,21,2,2625,"Research & Development",Yes,20-30,"Low Income (<40K)"
1280,46,11,18789,Sales,No,41-50,"Low Income (<40K)"
1281,34,3,4538,Sales,No,31-40,"Low Income (<40K)"
1282,51,29,19847,Sales,No,50+,"Low Income (<40K)"
1283,59,9,10512,"Research & Development",No,50+,"Low Income (<40K)"
1285,34,11,4444,"Research & Development",No,31-40,"Low Income (<40K)"
1286,28,4,2154,"Research & Development",No,20-30,"Low Income (<40K)"
1288,44,25,19190,"Research & Development",No,41-50,"Low Income (<40K)"
1289,34,10,4490,"Human Resources",No,31-40,"Low Income (<40K)"
1291,35,3,3506,"Research & Development",No,31-40,"Low Income (<40K)"
1292,42,1,2372,"Research & Development",No,41-50,"Low Income (<40K)"
1293,43,21,10231,Sales,No,41-50,"Low Income (<40K)"
1294,36,16,5410,"Research & Development",No,31-40,"Low Income (<40K)"
1295,44,10,7978,"Research & Development",Yes,41-50,"Low Income (<40K)"
1296,28,2,3867,"Research & Development",No,20-30,"Low Income (<40K)"
1297,51,7,2838,"Research & Development",No,50+,"Low Income (<40K)"
1298,30,8,4695,"Research & Development",No,20-30,"Low Income (<40K)"
1299,29,7,3339,"Research & Development",Yes,20-30,"Low Income (<40K)"
1301,28,3,2080,"Research & Development",No,20-30,"Low Income (<40K)"
1303,25,2,2096,"Research & Development",No,20-30,"Low Income (<40K)"
1304,32,10,6209,Sales,No,31-40,"Low Income (<40K)"
1306,45,0,18061,"Research & Development",No,41-50,"Low Income (<40K)"
1307,39,19,17123,"Research & Development",No,31-40,"Low Income (<40K)"
1308,58,2,2372,"Research & Development",No,50+,"Low Income (<40K)"
1309,32,10,4883,"Research & Development",Yes,31-40,"Low Income (<40K)"
1310,39,5,3904,"Research & Development",Yes,31-40,"Low Income (<40K)"
1311,30,9,4627,"Research & Development",No,20-30,"Low Income (<40K)"
1312,36,7,7094,"Research & Development",No,31-40,"Low Income (<40K)"
1314,46,7,3423,"Human Resources",No,41-50,"Low Income (<40K)"
1315,28,9,6674,"Research & Development",No,20-30,"Low Income (<40K)"
1317,50,3,16880,"Research & Development",No,41-50,"Low Income (<40K)"
1318,40,5,9094,Sales,Yes,31-40,"Low Income (<40K)"
1319,52,8,8446,Sales,Yes,50+,"Low Income (<40K)"
1321,30,9,11916,"Research & Development",No,20-30,"Low Income (<40K)"
1322,39,8,4534,"Research & Development",No,31-40,"Low Income (<40K)"
1324,31,10,9852,Sales,No,31-40,"Low Income (<40K)"
1329,41,19,6151,Sales,No,41-50,"Low Income (<40K)"
1331,31,3,2302,Sales,Yes,31-40,"Low Income (<40K)"
1333,44,3,2362,"Research & Development",Yes,41-50,"Low Income (<40K)"
1334,42,20,17861,"Research & Development",No,41-50,"Low Income (<40K)"
1336,55,19,19187,"Research & Development",No,50+,"Low Income (<40K)"
1338,56,7,19717,"Human Resources",No,50+,"Low Income (<40K)"
1340,40,4,3544,"Research & Development",No,31-40,"Low Income (<40K)"
1344,34,9,8500,"Research & Development",No,31-40,"Low Income (<40K)"
1346,40,9,4661,"Research & Development",No,31-40,"Low Income (<40K)"
1349,41,9,4103,Sales,No,41-50,"Low Income (<40K)"
1350,35,9,4249,"Research & Development",No,31-40,"Low Income (<40K)"
1352,51,33,14026,"Human Resources",No,50+,"Low Income (<40K)"
1355,38,7,6893,Sales,No,31-40,"Low Income (<40K)"
1356,34,10,6125,Sales,No,31-40,"Low Income (<40K)"
1358,25,3,3669,"Research & Development",No,20-30,"Low Income (<40K)"
1360,58,10,10008,"Research & Development",Yes,50+,"Low Income (<40K)"
1361,40,4,2387,"Research & Development",No,31-40,"Low Income (<40K)"
1362,36,15,4639,Sales,No,31-40,"Low Income (<40K)"
1363,48,10,7898,"Research & Development",No,41-50,"Low Income (<40K)"
1364,27,1,2534,Sales,No,20-30,"Low Income (<40K)"
1367,51,5,13142,"Research & Development",No,50+,"Low Income (<40K)"
1368,18,0,1611,"Research & Development",No,50+,"Low Income (<40K)"
1369,35,9,5363,"Research & Development",No,31-40,"Low Income (<40K)"
1371,27,6,5071,Sales,No,20-30,"Low Income (<40K)"
1372,55,19,13695,Sales,Yes,50+,"Low Income (<40K)"
1373,56,19,13402,"Research & Development",No,50+,"Low Income (<40K)"
1374,34,5,2029,"Research & Development",No,31-40,"Low Income (<40K)"
1375,40,12,6377,"Research & Development",No,31-40,"Low Income (<40K)"
1377,34,8,5429,"Research & Development",No,31-40,"Low Income (<40K)"
1379,31,1,2785,Sales,Yes,31-40,"Low Income (<40K)"
1380,35,4,4614,Sales,Yes,31-40,"Low Income (<40K)"
1382,38,4,2610,"Research & Development",No,31-40,"Low Income (<40K)"
1383,34,14,6687,"Research & Development",No,31-40,"Low Income (<40K)"
1387,28,5,4724,Sales,No,20-30,"Low Income (<40K)"
1389,31,10,6179,"Research & Development",Yes,31-40,"Low Income (<40K)"
1390,39,5,6120,Sales,No,31-40,"Low Income (<40K)"
1391,51,4,10596,Sales,No,50+,"Low Income (<40K)"
1392,41,6,5467,"Research & Development",No,41-50,"Low Income (<40K)"
1394,37,6,2996,"Research & Development",No,31-40,"Low Income (<40K)"
1395,33,5,9998,Sales,No,31-40,"Low Income (<40K)"
1396,32,3,4078,Sales,No,31-40,"Low Income (<40K)"
1397,39,6,10920,"Research & Development",No,31-40,"Low Income (<40K)"
1399,25,3,6232,Sales,No,20-30,"Low Income (<40K)"
1401,52,5,13247,"Research & Development",No,50+,"Low Income (<40K)"
1402,43,20,4081,"Research & Development",No,41-50,"Low Income (<40K)"
1403,27,6,5769,Sales,No,20-30,"Low Income (<40K)"
1405,27,8,2394,"Research & Development",Yes,20-30,"Low Income (<40K)"
1407,26,4,3904,"Research & Development",No,20-30,"Low Income (<40K)"
1408,42,20,16799,"Human Resources",No,41-50,"Low Income (<40K)"
